mean	std
-0.04170002046706134	0.2584294372884879
