mean	std
-0.10075624488334008	0.2745660704815226
