mean	std
0.4253000000000009	0.27456607048151244
