best_profit	one_std_profit
101434.79657249998	41569.56374220469
