best_profit	one_std_profit
101434.79657249998	45087.92746975474
